rsID,SNP,effect,reference,location,hg38position,maf,Unnamed: 7,POS,CHROM,EFFECT,SOL_MAF,Literature_MAF
rs41269135,rs41269135,increase,R01,unk,6:160666408,0.01166/169 (ALFA) 0.016669/4412 (TOPMED),,160666408.0,6,increase,0.007054068481659422,0.01166
rs7770628,rs7770628,increase,R01,unk,6:160597142,0.44477/128164 (ALFA) 0.358412/94868 (TOPMED),,160597142.0,6,increase,0.25840768702814,0.44477
rs10455872,rs10455872,increase,R01,unk,6:160589086,0.061575/11320 (ALFA) 0.041097/10878 (TOPMED),,160589086.0,6,increase,0.03492717150918936,0.061575
rs73596816,rs73596816,increase,R01,unk,6:160596331,0.034859/1803 (ALFA) 0.036556/9676 (TOPMED),,160596331.0,6,increase,0.03580416380690917,0.034859
,KIV-2.2 -11G>A,decrease,R01,unk,,,,,,decrease,,
,KIV-2.1 +1G>A,decrease,R01,unk,,,,,,decrease,,
,KIV-2.1 Y51D,decrease,R01,unk,,,,,,decrease,,
rs186696265,rs186696265 (C>T),increase,coassin,enhancer,6:160690668,0.012335/233 (ALFA) 0.008323/2203 (TOPMED),,160690668.0,6,increase,0.006215206283840463,0.012335
rs7760010,rs7760010 (C>A) -1712G>T,decrease,coassin,enhancer,6:160685571,0.00171/32 (ALFA),,160685571.0,6,decrease,0.0345840006100816,0.00171
rs7758766,rs7758766 (G>T) -1617C>A,decrease,coassin,enhancer,6:160685476,0.160819/2686 (ALFA) 0.167041/44214 (TOPMED),,160685476.0,6,decrease,0.13368413025242126,0.160819
rs9347440,rs9347440 (C>T) -1230A>G,increase,coassin,enhancer,6:160685089,0.33811/2358 (ALFA),,160685089.0,6,increase,0.3381758560207428,0.33811
rs76735376,rs76735376 (T>C),increase,coassin,promoter,6:160665684,0.008077/155 (ALFA) 0.006797/1799 (TOPMED),,160665684.0,6,increase,0.0037367497902844504,0.008077
,chr6:160665587–160665631 (≈6–12 repeats),decrease,coassin,promoter,,,,,,decrease,,
rs1800589,rs1800589 (T>C) -914G>A -772G>A,unk,coassin,promoter,6:160665128,0./0 (ALFA) 0.488961/129423 (TOPMED),,160665128.0,6,unk,0.3283001601464196,0.0
rs1853021,rs1853021 (A>G) +93C/T -49T>C,decrease,coassin,5UTR,6:160664263,0.1349293/3703 (ALFA) 0.105225/27852 (TOPMED),,160664263.0,6,decrease,3.813009990086174e-05,0.1349293
rs1800769,rs1800769 (C>T) +121G/A -21G>A,increase,coassin,5UTR,6:160664235,0.1432128/3279 (ALFA) 0.302569/80087 (TOPMED),,160664235.0,6,increase,0.31198047738885076,0.1432128
rs1623955,rs1623955 (T>G),unk,coassin,5UTR,6:160664246,0.0006949/16 (ALFA) 0.0012581/333 (TOPMED),,160664246.0,6,unk,0.0017158544955387784,0.0006949
,No rsID (C>T) KIV-2 p.Arg21Ter nonsense KIV2 p.R21X P.Arg20Ter,null,coassin,KIV2,,,,,,,,
,No rsID (A>AGCTT) KIV-2 p.Trp36fs,null,coassin,KIV2,,,,,,,,
,No rsID (A>C) KIV-2 p.Tyr51Asp KIV2.1 Y51D,null,coassin,KIV2,,,,,,,,
,No rsID (C>T) KIV2 Splice site KIV2.1 +1C>T,null,coassin,KIV2,,,,,,,,
,No rsID (G>A) KIV2 Splice site KIV2.1 +1G>A,null,coassin,KIV2,,,,,,,,
,No rsID (C>T) KIV2 Splice modifier KIV2.2 -11G>A 4733G>A,decrease,coassin,KIV2,,,,,,decrease,,
,No rsID (C>T) KIV2 Splice modifier KIV2.2 +0G>A 4925G>A G4925A,decrease,coassin,KIV2,,,,,,decrease,,
rs75692336,rs75692336 (C>A),decrease,coassin,KIV3,6:160609199,0.106353/2009 (ALFA) 0.089286/23633 (TOPMED),,160609199.0,6,decrease,0.08598337527644323,0.106353
rs41259144,rs41259144 (C>T) p.Arg990Gln,null,coassin,KIV4,6:160601075,0.008832/1991 (ALFA) 0.008176/2164 (TOPMED),,160601075.0,6,,3.813009990086174e-05,0.008832
rs41270998,rs41270998 (A>G) Splicing modifier,decrease,coassin,KIV5,6:160599494,0.0134617/884 (ALFA) 0.0236352/6256 (TOPMED),,160599494.0,6,decrease,0.02722489132921528,0.0134617
rs140570886,rs140570886 (T>C) intronic,increase,coassin,KIV6,6:160591981,0.022929/440 (ALFA) 0.041698/11037 (TOPMED),,160591981.0,6,increase,0.1450087699229772,0.022929
rs201297680,rs201297680 (A>T) p.Cys122Ser,null,coassin,KIV7,6:160591049,0.0001168/3 (ALFA) 0.0000567/15 (TOPMED),,160591049.0,6,,,0.0001168
rs10455872,rs10455872 (A>G) intronic,increase,coassin,KIV7,6:160589086,0.061575/11320 (ALFA) 0.041097/10878 (TOPMED),,160589086.0,6,increase,0.03492717150918936,0.061575
rs41272110,rs41272110 (T>G) p.Thr1399Pro KIV8 Thr12Pro KIV8 Thr23Pro,unk,coassin,KIV8,6:160585140,0.125063/25970 (ALFA) 0.093109/24645 (TOPMED),,160585140.0,6,unk,0.08747044917257683,0.125063
rs76144756,rs76144756 (G>A) p.Pro1428Leu,decrease,coassin,KIV8,6:160585052,0.005236/647 (ALFA) 0.00331/876 (TOPMED),,160585052.0,6,decrease,0.0017921146953405018,0.005236
rs41272114,rs41272114 (C>T) Splice site +1G>A G+1inKIV8A G+1/inKIV8A,null,coassin,KIV8,6:160585045,0.032067/8031 (ALFA) 0.029469/2319 (PAGE_STUDY),,160585045.0,6,,0.0605887287424693,0.032067
rs41267813,rs41267813 (G>A) p.His1534Tyr,decrease,coassin,KIV9,6:160577167,0.0012451/207 (ALFA) 0.0008387/222 (TOPMED),,160577167.0,6,decrease,0.0001906504995043087,0.0012451
rs6938647,rs6938647 (A>C) intronic,unk,coassin,KIV9,6:160565883,0.186448/3522 (ALFA) 0.141569/37472 (TOPMED),,160565883.0,6,unk,0.11534355220010677,0.186448
rs143431368,rs143431368 (T>C) Splice site,unk,coassin,KIV10,6:160548661,0.002195/482 (ALFA) 0.001677/132 (PAGE_STUDY),,160548661.0,6,unk,3.813009990086174e-05,0.002195
rs1801693,rs1801693 (A>G) p.Met1679Thr KIV10 Met66Thr p.Mat4168Thr,unk,coassin,KIV10,6:160548597,0.3105392/20826 (ALFA) 0.2854774/75563 (TOPMED),,160548597.0,6,unk,0.2998551056203767,0.3105392
rs1211014575,rs1211014575 (A>G) p.Trp1685Arg KIV10 Trp72Arg,unk,coassin,KIV10,6:160548580,0.0000014/2 (GnomAD_exomes),,160548580.0,6,unk,,1.4e-06
rs41267811,rs41267811 (C>G) p.Ser1694Ter,null,coassin,KIV10,6:160548552,0.000253/29 (ALFA) 0.000193/51 (TOPMED),,160548552.0,6,,0.0003813009990086174,0.000253
rs139145675,rs139145675 (G>A) p.Arg1771Gln,null,coassin,KV,6:160545527,0.001638/361 (ALFA) 004488/1188 (TOPMED),,160545527.0,6,,0.008960573476702509,0.001638
rs3798220,rs3798220 (T>C) p.Ile1897Met p.Ile4399Met I4399M,increase,coassin,protein domian,6:160540105,0.0205483/4439 (ALFA) 0.0470286/12448 (TOPMED),,160540105.0,6,increase,0.15160527720582628,0.0205483
rs41267809,rs41267809 (A>G) p.Leu1961Pro,decrease,coassin,protein domian,6:160532610,0.021811/5457 (ALFA) 0.010407/819 (PAGE_STUDY),,160532610.0,6,decrease,0.01841683825211622,0.021811
rs201306475,rs201306475 (C>T) Splice site,null,coassin,protein domian,6:160532531,0.000358/73 (ALFA) 0.000178/47 (TOPMED),,160532531.0,6,,3.813009990086174e-05,0.000358
rs3124784,rs3124784 (C>T) Arg2016Cys,decrease,coassin,protein domian,6:160531806,0.2642157/14869 (ALFA) 0.2346405/62107 (TOPMED),,160531806.0,6,decrease,0.1604514603828262,0.2642157
rs41267807,rs41267807 (T>C) p.Tyr2023Cys,decrease,coassin,protein domian,6:160531784,0.015478/3442 (ALFA) 0.010019/2652 (TOPMED),,160531784.0,6,decrease,0.005948295584534431,0.015478
rs9458001,rs9458001,unk,coassin,enhancer,6:160694967,0.212017/4005 (ALFA) 0.202051/53481 (TOPMED),,160694967.0,6,unk,0.16292991687638222,0.212017
